DELIVERY_ID,CONSUMER_ID,STORE_ID,ITEM_ID,ITEM_NAME,MENU_ID,MENU_NAME,CATEGORY_NAME,DESCRIPTION,UNIT_PRICE,ORIGINAL_ITEM_PRICE,SUBTOTAL,IS_GROUP_ORDER,CREATED_AT,ACTIVE_DATE,TIMEZONE,ORDER_ITEM_QUANTITY,ACTUAL_DELIVERY_TIME_LOCAL,DELIVERY_DURATION_MINUTES,LOCAL_HOUR,DAY_OF_WEEK,DAY_TYPE,ORDER_ITEM_ID
298153713353,1125900194785522,69763,11625880660,Poke Bowl - Regular (2 Proteins),31502749,Pokeworks (Mountain View) POS MENU 01-11-24-allday,Poke Your Way,"Mix up to 2 proteins with your choice of base, mix-ins, toppings, and flavor.",2070,1900,2070,FALSE,2025-06-04 19:27:46,2025-06-04,US/Pacific,1,2025-06-04 13:04:48,37,13,3,weekday,3000020793550499
259382460968,1125900194785522,431352,159643874,F2 Basil Popcorn Chicken 塔香鹹酥雞,1219163,Chick & Tea Sunnyvale,Fried Appetizers,"F2 our signature big chunks of meaty crispy popcorn chicken top it up with basil leaves, just dunno who can say no to that ,",1218,1218,1218,FALSE,2025-06-06 19:10:32,2025-06-06,US/Pacific,1,2025-06-06 12:37:19,27,12,5,weekday,3000020846844404
259382460968,1125900194785522,431352,159644087,F8 Mozzarella Sticks 起司條,1219163,Chick & Tea Sunnyvale,Fried Appetizers,,608,608,608,FALSE,2025-06-06 19:10:32,2025-06-06,US/Pacific,1,2025-06-06 12:37:19,27,12,5,weekday,3000020846844405
343721527551,1125900194785522,32010015,23182543267,Grilled Lemongrass Chicken & Rice,52868547,Roost & Roast,Rice Bowl,"Grilled boneless chicken thighs marinated in lemongrass and coconut milk served over rice with a side of pickled carrots and daikon, cucumbers, and topped with crispy shallots and a choice of sauce on the side.",1695,1495,1695,FALSE,2025-06-09 18:49:08,2025-06-09,US/Pacific,1,2025-06-09 12:01:18,12,12,1,weekday,3000020930491382
239726711039,1125900194785522,22929935,2274413986,House Combo Plate,12677318,Hummus Mediterranean Kitchen (All Day) (Mountain View),House Plates,"Lamb & beef gyros, chicken kebab, beef kebab and koftedes. Served with rice, salad and pita bread.",2360,2360,2360,FALSE,2025-06-10 19:06:39,2025-06-10,US/Pacific,1,2025-06-10 12:30:14,24,12,2,weekday,3000020954846531
292618318880,1125900194785522,22929935,2274413977,Lamb & Beef Gyros Plate,12677318,Hummus Mediterranean Kitchen (All Day) (Mountain View),House Plates,"Slow-cooked, thinly sliced, marinated lamb, and beef. Served with rice, salad and pita bread.",1990,1990,1990,FALSE,2025-06-11 20:47:23,2025-06-11,US/Pacific,1,2025-06-11 14:08:51,21,14,3,weekday,3000020981787929
356716743252,1125900194785522,24469896,9904691782,Yang's Chicken Rice Bowl,26491948,Yang's Braised Chicken Rice (Cupertino) (All Day) Otter (02/26/24)-allday,Third Party,Boneless chicken thigh braised in yang's secret huang men sauce with sliced shittake mushroom and gingers for extra flavor. three choices of spice level. our best seller.,1998,1599,1998,FALSE,2025-06-13 22:41:27,2025-06-13,US/Pacific,1,2025-06-13 16:10:38,29,16,5,weekday,3000021039799323
261597817913,1125900194785522,24964055,14272335753,84 Combination Fried Rice 什锦炒饭,36584156,Home Eat汉家宴  - Cupertino [POS]-allday,Fried Rice 家宴炒饭,"Chicken, Beef, Shrimp, Egg, Carrot and Green Peas.",1466,1466,1466,FALSE,2025-06-17 22:51:27,2025-06-17,US/Pacific,1,2025-06-17 16:17:49,26,16,2,weekday,3.00002E+15
257439416389,1125900194785522,24469896,9904691783,Yang's Curry Beef Brisket Rice Bowl,26491948,Yang's Braised Chicken Rice (Cupertino) (All Day) Otter (02/26/24)-allday,Third Party,,2198,1799,2198,FALSE,2025-06-18 21:25:14,2025-06-18,US/Pacific,1,2025-06-18 15:00:43,35,15,3,weekday,3000021168326629
201658045736,1125900194785522,2459604,1162455391,Hometown Style Pork Rouburger（腊汁肉夹馍）,2488878,Xian Kitchen (Barber Ct) (All Day) (Barber Ct) 10.22.21,Xi'an Style Foods,,858,858,1716,FALSE,2025-06-20 18:55:51,2025-06-20,US/Pacific,2,2025-06-20 12:44:08,49,12,5,weekday,3000021218059157
233458199413,1125900194785522,24469896,9904691783,Yang's Curry Beef Brisket Rice Bowl,26491948,Yang's Braised Chicken Rice (Cupertino) (All Day) Otter (02/26/24)-allday,Third Party,,2198,1799,2198,FALSE,2025-06-24 19:39:01,2025-06-24,US/Pacific,1,2025-06-24 13:16:05,37,13,2,weekday,3000021325528704
300746257124,1125900194785522,718429,147571493,P8. Winter Melon with Ham Soup,1382235,Nutrition Restaurant (All Day) (North Wolfe Road) 04.17.20 WF,Soup,,1899,1599,1899,FALSE,2025-06-25 21:26:05,2025-06-25,US/Pacific,1,2025-06-25 15:00:32,34,15,3,weekday,3000021352942223
289602940080,1125900194785522,24469896,9904691784,Yang's Braised Short Rib Bowl,26491948,Yang's Braised Chicken Rice (Cupertino) (All Day) Otter (02/26/24)-allday,Third Party,"Braised short rib with our signature sauce with a choice of rice, rice noodles or flat rice noodle.",2199,1699,2199,FALSE,2025-06-26 23:18:30,2025-06-26,US/Pacific,1,2025-06-26 16:47:48,29,16,4,weekday,3.00002E+15
308855939833,1125900194785522,27814141,11933929476,The Combo Shish Kabob Plate (Popular),32744154,The Kabob Society (All Day) (Stevens Creek) 02.10.24,The Famous Kabobs,"Customer's choice of two kabob meats, served on fresh cooked basmati rice, side of hummus, salad and pita bread.",2699,2699,2699,FALSE,2025-06-30 22:02:43,2025-06-30,US/Pacific,1,2025-06-30 15:35:10,33,15,1,weekday,3000021495500524
259259335318,1125900194785522,33980135,26652030132,Signature Avocado Smoothie with Chia Seed,72282347,Menu <---> 6847cd7e5f08a306f9e86d69,Avocado Series,"Avocado kale smoothie with yogurt, chia seeds and oat popping boba. A creamy avocado kale smoothie infused with yogurt, chia seeds, and playful oat popping boba, delivering a delightful mix of freshness, nutrition, and fun textures in every sip.",1174,999,1174,TRUE,2025-07-02 20:38:26,2025-07-02,US/Pacific,1,2025-07-02 14:55:22,77,14,3,weekday,3000021544715574
259259335318,1125900194785522,33980135,26652030135,Mango Avocado Twist,72282347,Menu <---> 6847cd7e5f08a306f9e86d69,Avocado Series," Avocado kale smoothie with mango and coconut pudding. A creamy avocado kale smoothie blended with tropical mango and velvety coconut pudding, offering a refreshing and indulgent fusion of vibrant and smooth flavors.",1049,1049,1049,TRUE,2025-07-02 20:38:26,2025-07-02,US/Pacific,1,2025-07-02 14:55:22,77,14,3,weekday,3000021544715577
259259335318,1125900194785522,33980135,26652030136,Rich Avocado Smoothie,72282347,Menu <---> 6847cd7e5f08a306f9e86d69,Avocado Series,"A creamy avocado kale smoothie combined with tangy yogurt and topped with oat popping boba, creating a refreshing and fun blend of smooth and textured flavors.",1324,1099,1324,TRUE,2025-07-02 20:38:26,2025-07-02,US/Pacific,1,2025-07-02 14:55:22,77,14,3,weekday,3000021544715575
259259335318,1125900194785522,33980135,26652030132,Signature Avocado Smoothie with Chia Seed,72282347,Menu <---> 6847cd7e5f08a306f9e86d69,Avocado Series,"Avocado kale smoothie with yogurt, chia seeds and oat popping boba. A creamy avocado kale smoothie infused with yogurt, chia seeds, and playful oat popping boba, delivering a delightful mix of freshness, nutrition, and fun textures in every sip.",1099,999,1099,TRUE,2025-07-02 20:38:26,2025-07-02,US/Pacific,1,2025-07-02 14:55:22,77,14,3,weekday,3000021544715578
259259335318,1125900194785522,33980135,26652030137,Avocado Dragon Dream,72282347,Menu <---> 6847cd7e5f08a306f9e86d69,Avocado Series,"A vibrant avocado kale smoothie enriched with the tropical flavors of dragon fruit and creamy coconut pudding, offering a refreshing and exotic taste experience with a velvety finish.",1174,1099,1174,TRUE,2025-07-02 20:38:26,2025-07-02,US/Pacific,1,2025-07-02 14:55:22,77,14,3,weekday,3000021544715573
259259335318,1125900194785522,33980135,26652030132,Signature Avocado Smoothie with Chia Seed,72282347,Menu <---> 6847cd7e5f08a306f9e86d69,Avocado Series,"Avocado kale smoothie with yogurt, chia seeds and oat popping boba. A creamy avocado kale smoothie infused with yogurt, chia seeds, and playful oat popping boba, delivering a delightful mix of freshness, nutrition, and fun textures in every sip.",999,999,999,TRUE,2025-07-02 20:38:26,2025-07-02,US/Pacific,1,2025-07-02 14:55:22,77,14,3,weekday,3000021544715576
316864322947,1125900194785522,24469896,9904691783,Yang's Curry Beef Brisket Rice Bowl,26491948,Yang's Braised Chicken Rice (Cupertino) (All Day) Otter (02/26/24)-allday,Third Party,,2198,1799,2198,FALSE,2025-07-02 22:24:11,2025-07-02,US/Pacific,1,2025-07-02 16:02:09,38,16,3,weekday,3000021547983318
234056455194,1125900194785522,31944,25144679567,Szechwan Style Boiled Beef(Spicy),66196547,Full Menu <---> 6805c9ee18ca136e0dffb8c5,Beef/Lamb,,2399,2399,2399,FALSE,2025-07-07 19:57:51,2025-07-07,US/Pacific,1,2025-07-07 13:26:23,29,13,1,weekday,3000021678866365
335637706856,1125900194785522,145210,23266914634,Classic Tender Box,1572457,Starbird Chicken (All Day) POS 7/1/20-allday,Tender Boxes,"House seasoning, choice of house made sauces",1797,0,1797,TRUE,2025-07-08 3:43:13,2025-07-08,US/Pacific,1,2025-07-07 21:01:56,18,21,1,weekday,3.00002E+15
335637706856,1125900194785522,145210,26230598803,Sesame Ramen Crunch - NEW!,1572457,Starbird Chicken (All Day) POS 7/1/20-allday,Seasonal Specials,"Crispy chicken, romaine & cabbage blend, shredded carrots, cucumber, edamame, pickled red daikon, crispy ramen noodles, green onions, cilantro, sesame seeds, house-made sriracha aioli drizzle, house-made Yuzu Sesame Dressing. ",1597,1597,1597,TRUE,2025-07-08 3:43:13,2025-07-08,US/Pacific,1,2025-07-07 21:01:56,18,21,1,weekday,3000021691838441
335637706856,1125900194785522,145210,23267003630,Thai Chicken Salad,1572457,Starbird Chicken (All Day) POS 7/1/20-allday,Salads,"Sweet Thai Crispy Tenders, romaine cabbage blend, cucumbers, carrots, Asian herb mix, crispy shallots, toasted sesame seeds, Green Papya Dressing, Spicy Herb Aioli ",1697,1597,1697,TRUE,2025-07-08 3:43:13,2025-07-08,US/Pacific,1,2025-07-07 21:01:56,18,21,1,weekday,3000021691838443
335637706856,1125900194785522,145210,23267053641,Rainbow Slaw,1572457,Starbird Chicken (All Day) POS 7/1/20-allday,Sides & Add Ons,"Kale, red & green cabbage, carrots, creamy citrus dressing",397,397,397,TRUE,2025-07-08 3:43:13,2025-07-08,US/Pacific,1,2025-07-07 21:01:56,18,21,1,weekday,3000021691838442
347000103874,1125900194785522,718429,147571460,A6. South Sea Pie (3),1382235,Nutrition Restaurant (All Day) (North Wolfe Road) 04.17.20 WF,Dim Sum,,1199,1199,1199,FALSE,2025-07-08 22:40:29,2025-07-08,US/Pacific,1,2025-07-08 16:32:20,52,16,2,weekday,3000021708682487
347000103874,1125900194785522,718429,147571463,A9. Jingdu Beef Cake (3),1382235,Nutrition Restaurant (All Day) (North Wolfe Road) 04.17.20 WF,Dim Sum,,1599,1599,1599,FALSE,2025-07-08 22:40:29,2025-07-08,US/Pacific,1,2025-07-08 16:32:20,52,16,2,weekday,3000021708682486
330884090852,1125900194785522,145210,23267086921,Churros,1572457,Starbird Chicken (All Day) POS 7/1/20-allday,Treats,6 sugar dusted churros served with maple syrup.,397,397,397,FALSE,2025-07-10 19:32:40,2025-07-10,US/Pacific,1,2025-07-10 13:04:42,32,13,4,weekday,3000021755828645
330884090852,1125900194785522,145210,23267088783,12 Wings,1572457,Starbird Chicken (All Day) POS 7/1/20-allday,Wings,12 wings and a choice of 2 house-made sauces.,1797,0,1797,FALSE,2025-07-10 19:32:40,2025-07-10,US/Pacific,1,2025-07-10 13:04:42,32,13,4,weekday,3000021755828644
270131327163,1125900194785522,1519794,418263010,B03. Pot-Roasted Beef Tendon & Brisket Square    紅燒燉牛腩方,2049558,"Orange Square (All Day)( 2605 Homestead Road, Santa Clara, CA) 04-19-2021",Delicious Bento Square - 橘子堂便當,"B03. Pot-Roasted Beef Tendon & Brisket Square 紅燒燉牛腩方(Random Side Dishes)
- Premium beef tendon & brisket cut to stew chunks, pot-roasted for hours with OSQ secret sauce.
- 紅燒牛腩其精髓在於料好、汁濃、肉入味。鬆軟的米飯澆上香濃的牛腩湯汁，讓人欲罷不能。",2069,2069,2069,FALSE,2025-07-14 18:14:39,2025-07-14,US/Pacific,1,2025-07-14 11:47:03,33,11,1,weekday,3000021866657162
286907494685,1125900194785522,24469896,9904691784,Yang's Braised Short Rib Bowl,26491948,Yang's Braised Chicken Rice (Cupertino) (All Day) Otter (02/26/24)-allday,Third Party,"Braised short rib with our signature sauce with a choice of rice, rice noodles or flat rice noodle.",2199,1699,2199,FALSE,2025-07-15 18:22:57,2025-07-15,US/Pacific,1,2025-07-15 12:07:26,45,12,2,weekday,3000021892035684
251444287565,1125900194785522,33980135,26652030137,Avocado Dragon Dream,72282347,Menu <---> 6847cd7e5f08a306f9e86d69,Avocado Series,"A vibrant avocado kale smoothie enriched with the tropical flavors of dragon fruit and creamy coconut pudding, offering a refreshing and exotic taste experience with a velvety finish.",1174,1099,1174,TRUE,2025-07-16 22:36:58,2025-07-16,US/Pacific,1,2025-07-16 16:25:58,49,16,3,weekday,3000021924225742
251444287565,1125900194785522,33980135,26652030147,Yogurt Mulberry Breeze,72282347,Menu <---> 6847cd7e5f08a306f9e86d69,Fresh Fruit Series,"Black mulberry smoothie with jasmine tea, fresh black mulberry pieces and yogurt. A creamy smoothie combining black mulberries and jasmine tea, enriched with yogurt for a smooth, tangy twist and a harmonious blend of rich fruitiness and delicate floral notes.",999,999,999,TRUE,2025-07-16 22:36:58,2025-07-16,US/Pacific,1,2025-07-16 16:25:58,49,16,3,weekday,3000021924225743
251444287565,1125900194785522,33980135,26652030137,Avocado Dragon Dream,72282347,Menu <---> 6847cd7e5f08a306f9e86d69,Avocado Series,"A vibrant avocado kale smoothie enriched with the tropical flavors of dragon fruit and creamy coconut pudding, offering a refreshing and exotic taste experience with a velvety finish.",1099,1099,1099,TRUE,2025-07-16 22:36:58,2025-07-16,US/Pacific,1,2025-07-16 16:25:58,49,16,3,weekday,3000021924225747
251444287565,1125900194785522,33980135,26652030147,Yogurt Mulberry Breeze,72282347,Menu <---> 6847cd7e5f08a306f9e86d69,Fresh Fruit Series,"Black mulberry smoothie with jasmine tea, fresh black mulberry pieces and yogurt. A creamy smoothie combining black mulberries and jasmine tea, enriched with yogurt for a smooth, tangy twist and a harmonious blend of rich fruitiness and delicate floral notes.",1074,999,1074,TRUE,2025-07-16 22:36:58,2025-07-16,US/Pacific,1,2025-07-16 16:25:58,49,16,3,weekday,3000021924225749
251444287565,1125900194785522,33980135,26652030140,Durian Blossom,72282347,Menu <---> 6847cd7e5f08a306f9e86d69,Sultan Durian Series,"Jasmine milk tea with durian and daifuku. A creamy fusion of durian paste and jasmine milk tea, balanced with cane sugar and soft Daifuku mochi for a unique blend of exotic and sweet flavors.",1274,1199,1274,TRUE,2025-07-16 22:36:58,2025-07-16,US/Pacific,1,2025-07-16 16:25:58,49,16,3,weekday,3000021924225746
251444287565,1125900194785522,33980135,26652030147,Yogurt Mulberry Breeze,72282347,Menu <---> 6847cd7e5f08a306f9e86d69,Fresh Fruit Series,"Black mulberry smoothie with jasmine tea, fresh black mulberry pieces and yogurt. A creamy smoothie combining black mulberries and jasmine tea, enriched with yogurt for a smooth, tangy twist and a harmonious blend of rich fruitiness and delicate floral notes.",999,999,999,TRUE,2025-07-16 22:36:58,2025-07-16,US/Pacific,1,2025-07-16 16:25:58,49,16,3,weekday,3000021924225745
251444287565,1125900194785522,33980135,26652030135,Mango Avocado Twist,72282347,Menu <---> 6847cd7e5f08a306f9e86d69,Avocado Series," Avocado kale smoothie with mango and coconut pudding. A creamy avocado kale smoothie blended with tropical mango and velvety coconut pudding, offering a refreshing and indulgent fusion of vibrant and smooth flavors.",1049,1049,1049,TRUE,2025-07-16 22:36:58,2025-07-16,US/Pacific,1,2025-07-16 16:25:58,49,16,3,weekday,3.00002E+15
251444287565,1125900194785522,33980135,26652030151,Osmanthus Milk Tea,72282347,Menu <---> 6847cd7e5f08a306f9e86d69,Fresh Milk Tea Series,"Osmanthus green tea with milk. A fragrant blend of osmanthus green tea with whole milk, and cane sugar, offering a creamy, aromatic, and subtly sweet flavor.",749,749,749,TRUE,2025-07-16 22:36:58,2025-07-16,US/Pacific,1,2025-07-16 16:25:58,49,16,3,weekday,3000021924225748
251444287565,1125900194785522,33980135,26652030135,Mango Avocado Twist,72282347,Menu <---> 6847cd7e5f08a306f9e86d69,Avocado Series," Avocado kale smoothie with mango and coconut pudding. A creamy avocado kale smoothie blended with tropical mango and velvety coconut pudding, offering a refreshing and indulgent fusion of vibrant and smooth flavors.",1124,1049,1124,TRUE,2025-07-16 22:36:58,2025-07-16,US/Pacific,1,2025-07-16 16:25:58,49,16,3,weekday,3000021924225744
255591476680,1125900194785522,69763,11625880661,Poke Bowl - Large   (3 Proteins),31502749,Pokeworks (Mountain View) POS MENU 01-11-24-allday,Poke Your Way,"Mix up to 3 proteins with your choice of mix-ins, toppings, flavor, and base.",2275,2215,2275,FALSE,2025-07-16 23:19:07,2025-07-16,US/Pacific,1,2025-07-16 17:10:53,51,17,3,weekday,3000021925777883
230984572341,1125900194785522,24251252,6612208070,Sausage & Egg McMuffin®,18205594,2022-11-21-breakfast,Most Popular,"Start your day off with a McDonald’s Sausage McMuffin with Egg breakfast sandwich. Our Sausage Egg McMuffin recipe features a savory hot sausage, a slice of melty American cheese and a delicious, freshly cracked egg all on a freshly toasted English muffin.",789,789,8679,FALSE,2025-07-17 15:05:21,2025-07-17,US/Pacific,11,2025-07-17 8:39:56,34,8,4,weekday,3000021938723228
230984572341,1125900194785522,24251252,6612211398,Hash Browns,18205594,2022-11-21-breakfast,Hash Browns and Sides,Deliciously tasty and perfectly crispy. Features shredded potato hash brown patties that are prepared so they’re fluffy on the inside and crispy and toasty on the outside. Pair our Hash Browns with your favorite McDonald's Breakfast Menu items.,429,429,4719,FALSE,2025-07-17 15:05:21,2025-07-17,US/Pacific,11,2025-07-17 8:39:56,34,8,4,weekday,3000021938723229
331499538720,1125900194785522,33967617,25098304022,Coffee Traveler – Pike Place® Roast,65577751,Menu,Hot Coffee,"A convenient carrier filled with 96 fl oz of our featured brewed medium roast coffee (equivalent of twelve 8 fl oz cups)—a perfect pick-me-up for meetings, picnics or whatever occasion calls for coffee.",2715,2715,2715,FALSE,2025-07-17 15:08:13,2025-07-17,US/Pacific,1,2025-07-17 8:35:11,27,8,4,weekday,3000021938786484
226559706339,1125900194785522,23460558,3387161564,A21. Cheese Creme Strawberry Crush 芝芝莓莓,13323346,Orange Square (All Day) (Lundy Ave) 05.26.22,Cheese Creme (Refreshing Drinks),"Key ingredients - fresh strawberry, cheese creme, and green tea.",759,759,759,FALSE,2025-07-18 21:15:22,2025-07-18,US/Pacific,1,2025-07-18 14:52:57,37,14,5,weekday,3000021976865556
226559706339,1125900194785522,23460558,3387161614,S02. Basil S&P Popcorn Chicken 夜市鹽酥雞,13323346,Orange Square (All Day) (Lundy Ave) 05.26.22,Tasty Snack & Appetizer 橘子堂小吃,"Golden, crunchy chicken bites with tender, juicy meat, garnished with basil and infused with a rich garlic aroma. Options: No Spicy, Spicy (Chili Powder on the Side).

脆多汁香嫩可口的鹽酥雞，外皮酥脆金黃，裡面的雞肉蒜香撲鼻，鮮嫩多汁.",1149,1149,2298,FALSE,2025-07-18 21:15:22,2025-07-18,US/Pacific,2,2025-07-18 14:52:57,37,14,5,weekday,3000021976865555
210932147734,1125900194785522,667371,621862053,梅干菜扣肉（无法改辣度）Steamed Pork Belly with Preserved Vegetables,1291497,Hunan Impression  (San Jose) 01/30/2021,Most Popular Dishes 经典热销菜,,2750,2750,2750,FALSE,2025-07-23 20:21:13,2025-07-23,US/Pacific,1,2025-07-23 14:26:52,65,14,3,weekday,3000022110053525
222170324043,1125900194785522,568127,73486783,Twice Cooked Pork with Leeks  蒜苗回鍋肉,766799,JX Cuisine (Santa Clara) (All Day) (Santa Clara) 01.02.22,Pork 豬肉,Mild spicy 微辣.,1999,1999,1999,FALSE,2025-07-25 0:12:18,2025-07-25,US/Pacific,1,2025-07-24 17:56:10,44,17,4,weekday,3000022145002132
328528950975,1125900194785522,23667063,10430797700,Crunchy California Roll,28551346,Full Menu <---> 653da5a705ff4e02a741c75e,Deep Fried Roll 炸卷,"Ddep Fried California Roll, Topped w.Spicy Mayo Unagi Sauce, Sesame Seed &^ Green Onion
",1399,1399,2798,FALSE,2025-07-25 20:26:39,2025-07-25,US/Pacific,2,2025-07-25 14:05:14,39,14,5,weekday,3000022164792233
245606905625,1125900194785522,23389526,6555670420,Kung Pao Chicken/宫保鸡丁,18170917,3rd Party Menu,Chef Special,,2099,2099,2099,FALSE,2025-07-28 19:35:13,2025-07-28,US/Pacific,1,2025-07-28 13:07:27,32,13,1,weekday,3000022247413204
330077325038,1125900194785522,1308562,562851383,酱肉火烧Pulled Pork Sandwich （4pcs）,1880891,花溪王Mifen101 (All Day) (841 Villa St) 11.14.20,Bun & Dumpling,,1399,1399,1399,FALSE,2025-08-12 21:10:26,2025-08-12,US/Pacific,1,2025-08-12 14:45:57,35,14,2,weekday,3.00002E+15
330077325038,1125900194785522,1308562,814067318,Beijing Style Yogurt w. Purple Rice紫米酸奶,1880891,花溪王Mifen101 (All Day) (841 Villa St) 11.14.20,Appetizer & Drinks,,599,599,599,FALSE,2025-08-12 21:10:26,2025-08-12,US/Pacific,1,2025-08-12 14:45:57,35,14,2,weekday,3000022659033791
296979889365,1125900194785522,33980135,26652030135,Mango Avocado Twist,72282347,Menu <---> 6847cd7e5f08a306f9e86d69,Avocado Series," Avocado kale smoothie with mango and coconut pudding. A creamy avocado kale smoothie blended with tropical mango and velvety coconut pudding, offering a refreshing and indulgent fusion of vibrant and smooth flavors.",1049,1049,1049,TRUE,2025-08-13 20:51:12,2025-08-13,US/Pacific,1,2025-08-13 14:41:52,50,14,3,weekday,3000022683486177
296979889365,1125900194785522,33980135,26652030135,Mango Avocado Twist,72282347,Menu <---> 6847cd7e5f08a306f9e86d69,Avocado Series," Avocado kale smoothie with mango and coconut pudding. A creamy avocado kale smoothie blended with tropical mango and velvety coconut pudding, offering a refreshing and indulgent fusion of vibrant and smooth flavors.",1124,1049,1124,TRUE,2025-08-13 20:51:12,2025-08-13,US/Pacific,1,2025-08-13 14:41:52,50,14,3,weekday,3000022683486175
296979889365,1125900194785522,33980135,26652030143,Yogurt Grape Breeze,72282347,Menu <---> 6847cd7e5f08a306f9e86d69,Fresh Fruit Series," A smooth and refreshing blend of green grapes and jasmine tea, combined with yogurt for a creamy texture and topped with additional green grapes for a burst of fruity flavor.",1074,999,1074,TRUE,2025-08-13 20:51:12,2025-08-13,US/Pacific,1,2025-08-13 14:41:52,50,14,3,weekday,3000022683486179
296979889365,1125900194785522,33980135,26652030136,Rich Avocado Smoothie,72282347,Menu <---> 6847cd7e5f08a306f9e86d69,Avocado Series,"A creamy avocado kale smoothie combined with tangy yogurt and topped with oat popping boba, creating a refreshing and fun blend of smooth and textured flavors.",1099,1099,1099,TRUE,2025-08-13 20:51:12,2025-08-13,US/Pacific,1,2025-08-13 14:41:52,50,14,3,weekday,3000022683486178
296979889365,1125900194785522,33980135,26652030135,Mango Avocado Twist,72282347,Menu <---> 6847cd7e5f08a306f9e86d69,Avocado Series," Avocado kale smoothie with mango and coconut pudding. A creamy avocado kale smoothie blended with tropical mango and velvety coconut pudding, offering a refreshing and indulgent fusion of vibrant and smooth flavors.",1049,1049,1049,TRUE,2025-08-13 20:51:12,2025-08-13,US/Pacific,1,2025-08-13 14:41:52,50,14,3,weekday,3000022683486176
296979889365,1125900194785522,33980135,26652030133,Strawberry Avocado Smoothie,72282347,Menu <---> 6847cd7e5f08a306f9e86d69,Avocado Series,"A creamy avocado kale smoothie blended with fresh strawberries and silky yogurt, delivering a refreshing mix of rich, tangy, and nutritious flavors.",999,999,999,TRUE,2025-08-13 20:51:12,2025-08-13,US/Pacific,1,2025-08-13 14:41:52,50,14,3,weekday,3.00002E+15
296979889365,1125900194785522,33980135,26652030135,Mango Avocado Twist,72282347,Menu <---> 6847cd7e5f08a306f9e86d69,Avocado Series," Avocado kale smoothie with mango and coconut pudding. A creamy avocado kale smoothie blended with tropical mango and velvety coconut pudding, offering a refreshing and indulgent fusion of vibrant and smooth flavors.",1049,1049,1049,TRUE,2025-08-13 20:51:12,2025-08-13,US/Pacific,1,2025-08-13 14:41:52,50,14,3,weekday,3000022683486174
350048124935,1125900194785522,24845885,7789718858,Pork & Green Onion Bao Mini Bao/6 pcs(猪肉大葱小包),20638181,Danacious Dumpling (All Day) (Saratoga Ave) 03.26.23,Classic,,928,928,928,FALSE,2025-08-13 23:17:37,2025-08-13,US/Pacific,1,2025-08-13 16:58:46,41,16,3,weekday,3000022688646152
350048124935,1125900194785522,24845885,7789739288,Date Soy Milk/红枣豆浆,20638181,Danacious Dumpling (All Day) (Saratoga Ave) 03.26.23,Porridge,,450,450,450,FALSE,2025-08-13 23:17:37,2025-08-13,US/Pacific,1,2025-08-13 16:58:46,41,16,3,weekday,3000022688646154
350048124935,1125900194785522,24845885,7789718866,Chives and Egg  Medium Bao/4pcs(韭菜鸡蛋中包),20638181,Danacious Dumpling (All Day) (Saratoga Ave) 03.26.23,Classic,,968,968,968,FALSE,2025-08-13 23:17:37,2025-08-13,US/Pacific,1,2025-08-13 16:58:46,41,16,3,weekday,3000022688646153
251568255707,1125900194785522,54376,2431483853,Honey Walnut Shrimp,12721295,2020.06.01-allday-allday,A La Carte,"Large tempura-battered shrimp, wok-tossed in a honey sauce and topped with glazed walnuts.",1405,0,1405,FALSE,2025-08-14 21:44:14,2025-08-14,US/Pacific,1,2025-08-14 15:13:44,29,15,4,weekday,3000022712536051
251568255707,1125900194785522,54376,2431483851,The Original Orange Chicken,12721295,2020.06.01-allday-allday,A La Carte,,650,0,650,FALSE,2025-08-14 21:44:14,2025-08-14,US/Pacific,1,2025-08-14 15:13:44,29,15,4,weekday,3.00002E+15
280547887302,1125900194785522,1308562,355932237,凉拌豆皮Tofu Skin Salad,1880891,花溪王Mifen101 (All Day) (841 Villa St) 11.14.20,Cold Dishes,,999,999,999,FALSE,2025-08-18 18:32:48,2025-08-18,US/Pacific,1,2025-08-18 11:57:33,25,11,1,weekday,3000022821633107
280547887302,1125900194785522,1308562,562851383,酱肉火烧Pulled Pork Sandwich （4pcs）,1880891,花溪王Mifen101 (All Day) (841 Villa St) 11.14.20,Bun & Dumpling,,1399,1399,1399,FALSE,2025-08-18 18:32:48,2025-08-18,US/Pacific,1,2025-08-18 11:57:33,25,11,1,weekday,3000022821633106
318005723177,1125900194785522,23389526,6555670420,Kung Pao Chicken/宫保鸡丁,18170917,3rd Party Menu,Chef Special,,2099,2099,2099,FALSE,2025-08-19 20:04:35,2025-08-19,US/Pacific,1,2025-08-19 13:28:36,24,13,2,weekday,3000022847706826
339868040912,1125900194785522,718429,147571613,I5. Pork with Ginger & Green Onion,1382235,Nutrition Restaurant (All Day) (North Wolfe Road) 04.17.20 WF,Pork,,1899,1899,1899,FALSE,2025-08-20 20:55:12,2025-08-20,US/Pacific,1,2025-08-20 16:11:58,136,16,3,weekday,3000022874642082
274374803614,1125900194785522,45679,10310203383,Classic Chicken Sandwich,2429366,Popeyes.,Chicken Sandwiches,A fried chicken breast filet with pickles and classic mayo on a buttered bun. The original handheld favorite.,749,749,749,FALSE,2025-08-22 22:18:33,2025-08-22,US/Pacific,1,2025-08-22 15:40:20,22,15,5,weekday,3000022931078487
274374803614,1125900194785522,45679,29969710302,6 Classic Bone-In Wings,2429366,Popeyes.,New & Limited Time Offerings,"6 Crispy, golden chicken wings marinated in a lightly seasoned mild blend, then hand-breaded and fried to perfection. These wings deliver the ideal balance of crunch and flavor —perfect for those who love bold taste without the heat.",999,999,1998,FALSE,2025-08-22 22:18:33,2025-08-22,US/Pacific,2,2025-08-22 15:40:20,22,15,5,weekday,3000022931078486
331213417571,1125900194785522,718429,147571581,J1. Kung Pao Chicken,1382235,Nutrition Restaurant (All Day) (North Wolfe Road) 04.17.20 WF,Chicken,Spicy.,1799,1799,1799,FALSE,2025-08-26 23:02:47,2025-08-26,US/Pacific,1,2025-08-26 16:42:03,40,16,2,weekday,3000023040880895
215208489774,1125900194785522,26305183,10705748850,Old Pot Sauerkraut Fish Soup (small size with snakehead fish) / 老坛酸菜 鱼 黑鱼小份,29451952,Wei's Fish (All Day) (CUPERTINO) 11.22.2023,Spicy Lover / 爱 吃辣,Mild. Top 1.  small size come with one free rice.,2199,2199,2199,FALSE,2025-08-27 23:17:56,2025-08-27,US/Pacific,1,2025-08-27 16:46:58,29,16,3,weekday,3000023067024109
266249142547,1125900194785522,1741263,11563114147,Celsius Live Fit Vibe Sparkling White Peach Edition Energy Drink Can (12 fl oz),2194099,albertsons_1741263_retail_inventory_service,Drinks,"CELSIUS® is functional, Essential Energy, a better-for-you, premium alternative to traditional energy drinks. As a global, lifestyle fitness drink, CELSIUS® was created to help people LIVE FIT, exceed their goals and elevate their everyday lives. 
Our CELSIUS® VIBE Essential Energy Drinks feature bold flavor combinations that transport you beyond the can to amazing global destinations that inspire us all. From sunny, tropical beaches, to snowy mountainscapes. What’s your vibe?
Made with proven, premium ingredients, 7 Essential Vitamins and zero sugar, no artificial colors, no aspartame, no high fructose corn syrup and non-GMO. CELSIUS® is vegan, gluten-free and Kosher. 
Our proprietary MetaPlus blend contains green tea extract with EGCG. It also includes guarana seed extract, ginger root for flavor and digestion, vitamin C to help support your immune system, vitamin B for energy production, and chromium to help control hunger, making it an ideal pre-workout drink. Inspired by the sunny beaches of Miami, there's nothing but good vibes when you open a can of CELSIUS® Sparkling Peach Vibe. Savor the vibrant, juicy flavors in every sip! Made with clinically proven ingredients, this carbonated flavor of CELSIUS® has the perfect balance of flavor and energy that serves as an awesome pick-me-up for active lifestyles.",299,299,1196,FALSE,2025-08-28 16:03:34,2025-08-28,US/Pacific,4,2025-08-28 9:32:59,29,9,4,weekday,3000023081013589
266249142547,1125900194785522,1741263,11904079611,Green Bell Pepper,2194099,albertsons_1741263_retail_inventory_service,Produce,,125,125,500,FALSE,2025-08-28 16:03:34,2025-08-28,US/Pacific,4,2025-08-28 9:32:59,29,9,4,weekday,3000023081013595
266249142547,1125900194785522,1741263,11563123770,Signature Farms Fuji Apples (48 oz),2194099,albertsons_1741263_retail_inventory_service,Produce,"Refreshingly sweet, crisp, fragrant & flavorful. 2-1/2 in. min. dia. Meets or exceeds U.S. extra fancy. Delicious quality from farm to table. Coated with food grade carnauba based fruit-vegetable wax or food grade vegetable and/or shellac based wax resin to maintain freshness. Welcome to the extraordinary flavors, textures, and colors of Signature Farms. You can find all the produce and vegetables you want under the sun-crispy greens, perfectly ripened fruit, and all the colors of the vegetable rainbow. Product of USA.",499,499,499,FALSE,2025-08-28 16:03:34,2025-08-28,US/Pacific,1,2025-08-28 9:32:59,29,9,4,weekday,3000023081013596
266249142547,1125900194785522,1741263,11563114138,Celsius Sparkling Fuji Apple Pear Energy Drink Can (12 fl oz),2194099,albertsons_1741263_retail_inventory_service,Drinks,"CELSIUS® is functional, Essential Energy, a better-for-you, premium alternative to traditional energy drinks. As a global, lifestyle fitness drink, CELSIUS® was created to help people LIVE FIT, exceed their goals and elevate their everyday lives. Made with proven, premium ingredients, 7 Essential Vitamins and zero sugar, no artificial colors, no aspartame, no high fructose corn syrup and non-GMO. CELSIUS® is vegan, gluten-free and Kosher. Our proprietary MetaPlus blend contains green tea extract with EGCG. It also includes guarana seed extract, ginger root for flavor and digestion, vitamin C to help support your immune system, vitamin B for energy production, and chromium to help control hunger, making it an ideal pre-workout drink. Enjoy the crisp, juicy, and lush combination of apple and pear when you open a can of delicious CELSIUS® Sparkling Fuji Apple Pear! Made with clinically proven ingredients, this carbonated flavor of CELSIUS® has the perfect balance of flavor and energy that serves as an awesome pick-me-up for active lifestyles.",299,299,1196,FALSE,2025-08-28 16:03:34,2025-08-28,US/Pacific,4,2025-08-28 9:32:59,29,9,4,weekday,3000023081013591
266249142547,1125900194785522,1741263,11563114203,Celsius Sparkling Kiwi Guava Energy Drink Can (12 fl oz),2194099,albertsons_1741263_retail_inventory_service,Drinks,"CELSIUS® is functional, Essential Energy, a better-for-you, premium alternative to traditional energy drinks. As a global, lifestyle fitness drink, CELSIUS® was created to help people LIVE FIT, exceed their goals and elevate their everyday lives. Made with proven, premium ingredients, 7 Essential Vitamins and zero sugar, no artificial colors, no aspartame, no high fructose corn syrup and non-GMO. CELSIUS® is vegan, gluten-free and Kosher. Our proprietary MetaPlus blend contains green tea extract with EGCG. It also includes guarana seed extract, ginger root for flavor and digestion, vitamin C to help support your immune system, vitamin B for energy production, and chromium to help control hunger, making it an ideal pre-workout drink. The tart and sweet flavors of kiwi combined with the unique juiciness of guava, packs a refreshingly tropical flavor into each sip of CELSIUS® Sparkling Kiwi Guava! Made with clinically proven ingredients, this carbonated flavor of CELSIUS® has the perfect balance of flavor and energy that serves as an awesome pick-me-up for active lifestyles.",299,299,1196,FALSE,2025-08-28 16:03:34,2025-08-28,US/Pacific,4,2025-08-28 9:32:59,29,9,4,weekday,3.00002E+15
266249142547,1125900194785522,1741263,11549025808,Signature Select Stretch & Cling 200 SF Plastic Wrap,2194099,albertsons_1741263_retail_inventory_service,Household,,419,419,419,FALSE,2025-08-28 16:03:34,2025-08-28,US/Pacific,1,2025-08-28 9:32:59,29,9,4,weekday,3000023081013597
266249142547,1125900194785522,1741263,11563114408,Celsius Non-Carbonated Peach Mango Green Tea Energy Drink Can (12 fl oz),2194099,albertsons_1741263_retail_inventory_service,Drinks,"CELSIUS® is functional, Essential Energy, a better-for-you, premium alternative to traditional energy drinks. As a global, lifestyle fitness drink, CELSIUS® was created to help people LIVE FIT, exceed their goals and elevate their everyday lives. Made with proven, premium ingredients, 7 Essential Vitamins and zero sugar, no artificial colors, no aspartame, no high fructose corn syrup and non-GMO. CELSIUS® is vegan, gluten-free and Kosher. Our proprietary MetaPlus blend contains green tea extract with EGCG. It also includes guarana seed extract, ginger root for flavor and digestion, vitamin C to help support your immune system, vitamin B for energy production, and chromium to help control hunger, making it an ideal pre-workout drink. Non-carbonated CELSIUS® Peach Mango Green Tea combines the tropical sweetness of mangos and juicy, vibrant peaches without all the bubbles. Reminiscent of a brisk, refreshing peach iced tea! Made with clinically proven ingredients, this carbonated flavor of CELSIUS® has the perfect balance of flavor and energy that serves as an awesome pick-me-up for active lifestyles.",299,299,1196,FALSE,2025-08-28 16:03:34,2025-08-28,US/Pacific,4,2025-08-28 9:32:59,29,9,4,weekday,3000023081013593
266249142547,1125900194785522,1741263,11753848688,Celsius Zero Sugar Sparkling Watermelon Energy Drink Can (12 fl oz),2194099,albertsons_1741263_retail_inventory_service,Drinks,"CELSIUS® is functional, Essential Energy, a better-for-you, premium alternative to traditional energy drinks. As a global, lifestyle fitness drink, CELSIUS® was created to help people LIVE FIT, exceed their goals and elevate their everyday lives. Made with proven, premium ingredients, 7 Essential Vitamins and zero sugar, no artificial colors, no aspartame, no high fructose corn syrup and non-GMO. CELSIUS® is vegan, gluten-free and Kosher. Our proprietary MetaPlus blend contains green tea extract with EGCG. It also includes guarana seed extract, ginger root for flavor and digestion, vitamin C to help support your immune system, vitamin B for energy production, and chromium to help control hunger, making it an ideal pre-workout drink. CELSIUS® Sparkling Watermelon, our Iconic summer flavor is fruity, sweet and deliciously refreshing! Made with clinically proven ingredients, this carbonated flavor of CELSIUS® has the perfect balance of flavor and energy that serves as an awesome pick-me-up for active lifestyles.",299,299,1196,FALSE,2025-08-28 16:03:34,2025-08-28,US/Pacific,4,2025-08-28 9:32:59,29,9,4,weekday,3000023081013592
266249142547,1125900194785522,1741263,28239712446,O Organics Organic Large Brown Eggs (18 ct),2194099,albertsons_1741263_retail_inventory_service,Dairy & Eggs,"USDA Organic. Meets Organic Standards for: Chicken raised without antibiotics; organic vegetarian feed. Certified cage free eggs. Grade A. Certified (Meets the Humane Farm Animal Care Program standards, which include nutritious diet without antibiotics, animals raised with shelter, resting areas, sufficient space and the ability to engage in natural behaviors) Humane: Raised & handled.",1099,1099,1099,FALSE,2025-08-28 16:03:34,2025-08-28,US/Pacific,1,2025-08-28 9:32:59,29,9,4,weekday,3000023081013594
319185881912,1125900194785522,26305183,10705748850,Old Pot Sauerkraut Fish Soup (small size with snakehead fish) / 老坛酸菜 鱼 黑鱼小份,29451952,Wei's Fish (All Day) (CUPERTINO) 11.22.2023,Spicy Lover / 爱 吃辣,Mild. Top 1.  small size come with one free rice.,2199,2199,2199,FALSE,2025-08-29 22:45:18,2025-08-29,US/Pacific,1,2025-08-29 16:30:13,45,16,5,weekday,3000023121291504
328996998186,1125900194785522,1308562,355932237,凉拌豆皮Tofu Skin Salad,1880891,花溪王Mifen101 (All Day) (841 Villa St) 11.14.20,Cold Dishes,,999,999,999,FALSE,2025-09-03 21:08:03,2025-09-03,US/Pacific,1,2025-09-03 14:31:04,23,14,3,weekday,3000023257250712
328996998186,1125900194785522,1308562,562851383,酱肉火烧Pulled Pork Sandwich （4pcs）,1880891,花溪王Mifen101 (All Day) (841 Villa St) 11.14.20,Bun & Dumpling,,1399,1399,1399,FALSE,2025-09-03 21:08:03,2025-09-03,US/Pacific,1,2025-09-03 14:31:04,23,14,3,weekday,3000023257250711
278110197221,1125900194785522,54376,2431483882,Veggie Spring Roll,12721295,2020.06.01-allday-allday,Appetizers and More,,255,0,255,FALSE,2025-09-05 21:06:07,2025-09-05,US/Pacific,1,2025-09-05 14:39:24,33,14,5,weekday,3000023310624511
278110197221,1125900194785522,54376,2431483851,The Original Orange Chicken,12721295,2020.06.01-allday-allday,A La Carte,,1045,0,1045,FALSE,2025-09-05 21:06:07,2025-09-05,US/Pacific,1,2025-09-05 14:39:24,33,14,5,weekday,3000023310624509
278110197221,1125900194785522,54376,2431483853,Honey Walnut Shrimp,12721295,2020.06.01-allday-allday,A La Carte,"Large tempura-battered shrimp, wok-tossed in a honey sauce and topped with glazed walnuts.",830,0,830,FALSE,2025-09-05 21:06:07,2025-09-05,US/Pacific,1,2025-09-05 14:39:24,33,14,5,weekday,3.00002E+15
341423269670,1125900194785522,23934929,31013217522,[UMe]Mini Chicken Strips,74619193,UMe-CA-3rd,Snacks,"Tender, juicy boneless chicken strips—crispy on the outside, soft on the inside. Perfect snack to pair with your favorite tea.",999,999,999,FALSE,2025-09-10 20:27:03,2025-09-10,US/Pacific,1,2025-09-10 13:54:58,27,13,3,weekday,3.00002E+15
341423269670,1125900194785522,23934929,27716329040,[UMe] Mango Yogurt,74619193,UMe-CA-3rd,Yogurt,"A velvety blend of creamy yogurt and fresh champagne mangoes, complemented with crystal boba. Sweet and creamy tropical goodness in every sip!",725,725,725,FALSE,2025-09-10 20:27:03,2025-09-10,US/Pacific,1,2025-09-10 13:54:58,27,13,3,weekday,3000023446967841
341423269670,1125900194785522,23934929,27716329026,[UMe]  Popcorn Chicken,74619193,UMe-CA-3rd,Snacks,"Bite-sized, tender pieces of chicken coated in a flavorful and crispy batter.
Contains: Wheat",1095,1095,1095,FALSE,2025-09-10 20:27:03,2025-09-10,US/Pacific,1,2025-09-10 13:54:58,27,13,3,weekday,3000023446967839
337579146678,1125900194785522,23389526,11248224906,Stir-fried Beef with Pepper小炒黄牛肉,18170917,3rd Party Menu,Chef Special,,2699,2699,2699,FALSE,2025-09-12 21:21:39,2025-09-12,US/Pacific,1,2025-09-12 14:38:44,17,14,5,weekday,3000023502321227
269934976747,1125900194785522,26305183,10705748850,Old Pot Sauerkraut Fish Soup (small size with snakehead fish) / 老坛酸菜 鱼 黑鱼小份,29451952,Wei's Fish (All Day) (CUPERTINO) 11.22.2023,Spicy Lover / 爱 吃辣,Mild. Top 1.  small size come with one free rice.,2199,2199,2199,FALSE,2025-09-15 19:35:47,2025-09-15,US/Pacific,1,2025-09-15 13:12:29,37,13,1,weekday,3000023589423842
201262379263,1125900194785522,24964055,14272329096,45 General Tso's Chicken 左宗棠鸡🌶️,36584156,Home Eat汉家宴  - Cupertino [POS]-allday,Most Popular Dishes 经典菜品,"Fried Chicken, Chili Pepper and Broccoli.",1466,1466,1466,FALSE,2025-09-19 21:44:04,2025-09-19,US/Pacific,1,2025-09-19 15:16:52,32,15,5,weekday,3000023699502493
255158283030,1125900194785522,31079069,23472048271,Chili Spiced Grilled Chicken Mixed Bowl,52884147,Kurated Kitchens (10:30am - 3:00pm),Salads,"Boneless chicken thigh marinated in a spicy red curry paste, coconut milk, kaffir lime, served over a mix of cold noodles and salad. Soy ginger vinaigrette served on the side. 

Toppings include the ""Works"" (bean sprouts, bell peppers, carrots, cherry tomatoes, cilantro, corn, crispy shallots, cucumbers, green onions, house chili sauce, jalapenos, lime wedge, and pickled carrots and daikon).",1495,1495,1495,FALSE,2025-09-24 20:24:02,2025-09-24,US/Pacific,1,2025-09-24 13:42:58,18,13,3,weekday,3000023836548038
255158283030,1125900194785522,31079069,24162794182,Crispy Chicken Sandwich,52884147,Kurated Kitchens (10:30am - 3:00pm),Burgers and Sandwiches,"Tender, 24-hour marinated chicken thigh glazed with our savory Asian BBQ sauce. Topped with crisp lettuce, juicy tomato, tangy pickled carrots and daikon, fresh jalapeños, and a zesty sriracha aioli. All served on a soft potato bun",1195,1195,1195,FALSE,2025-09-24 20:24:02,2025-09-24,US/Pacific,1,2025-09-24 13:42:58,18,13,3,weekday,3000023836548039
354538634553,1125900194785522,33980135,26652030147,Yogurt Yumberry Breeze,72282347,Menu <---> 6847cd7e5f08a306f9e86d69,Fresh Fruit Series,"Yumberry smoothie with jasmine tea, yumberries, collagen jelly and yogurt.Plump and juicy Chinese yumberries paired with yogurt create a delightful fusion of tartness and richness. The addition of jasmine tea brings a refreshing floral note, while the collagen jelly adds a pleasantly bouncy chew—bursting with fruity flavor and light on the palate.Please beware of small Yumberry pits and avoid accidental ingestion while drinking.",1049,1049,1049,TRUE,2025-09-24 20:59:34,2025-09-24,US/Pacific,1,2025-09-24 14:32:01,33,14,3,weekday,3000023837450788
354538634553,1125900194785522,33980135,26652030148,Strawberry Daifuku Paradise,72282347,Menu <---> 6847cd7e5f08a306f9e86d69,Milk Tea w.Handmade Toppings,"Oolong milk tea with strawberry paste, strawberry pudding and daifuku.A creamy blend of charcoal-roasted oolong tea complemented by strawberry pudding, cheese foam, and daifuku, creating a rich, indulgent drink with sweet, fruity, and creamy layers.",974,899,974,TRUE,2025-09-24 20:59:34,2025-09-24,US/Pacific,1,2025-09-24 14:32:01,33,14,3,weekday,3000023837450785
354538634553,1125900194785522,33980135,26652030133,Strawberry Avocado Smoothie,72282347,Menu <---> 6847cd7e5f08a306f9e86d69,Avocado Series,"Avocado kale smoothie with yogurt and fresh strawberries.A creamy avocado kale smoothie blended with fresh strawberries and silky yogurt, delivering a refreshing mix of rich, tangy, and nutritious flavors.",999,999,999,TRUE,2025-09-24 20:59:34,2025-09-24,US/Pacific,1,2025-09-24 14:32:01,33,14,3,weekday,3000023837450783
354538634553,1125900194785522,33980135,26652030136,Rich Avocado Smoothie,72282347,Menu <---> 6847cd7e5f08a306f9e86d69,Avocado Series,"Avocado kale smoothie with yogurt and oat popping boba.A creamy avocado kale smoothie combined with tangy yogurt and topped with oat popping boba, creating a refreshing and fun blend of smooth and textured flavors.",1099,1099,1099,TRUE,2025-09-24 20:59:34,2025-09-24,US/Pacific,1,2025-09-24 14:32:01,33,14,3,weekday,3000023837450787
354538634553,1125900194785522,33980135,26652030135,Mango Avocado Twist,72282347,Menu <---> 6847cd7e5f08a306f9e86d69,Avocado Series," Avocado kale smoothie with mango and coconut pudding. A creamy avocado kale smoothie blended with tropical mango and velvety coconut pudding, offering a refreshing and indulgent fusion of vibrant and smooth flavors.",1049,1049,1049,TRUE,2025-09-24 20:59:34,2025-09-24,US/Pacific,1,2025-09-24 14:32:01,33,14,3,weekday,3000023837450784
354538634553,1125900194785522,33980135,26652030135,Mango Avocado Twist,72282347,Menu <---> 6847cd7e5f08a306f9e86d69,Avocado Series," Avocado kale smoothie with mango and coconut pudding. A creamy avocado kale smoothie blended with tropical mango and velvety coconut pudding, offering a refreshing and indulgent fusion of vibrant and smooth flavors.",1049,1049,1049,TRUE,2025-09-24 20:59:34,2025-09-24,US/Pacific,1,2025-09-24 14:32:01,33,14,3,weekday,3000023837450786
207237880542,1125900194785522,175210,18340035832,Salt Pork Fried Rice上海咸肉菜饭,43338149,Chef Zhao Kitchen - 2180 West Bayshore Road [POS]-allday,Chow Mein / Fried Rice 炒面 / 炒饭,"Chopped bak choy, minced salted pork and white rice (no egg)",2106,2106,2106,FALSE,2025-09-26 20:10:48,2025-09-26,US/Pacific,1,2025-09-26 13:59:30,49,13,5,weekday,3000023892031387
225786436126,1125900194785522,23389526,6555692519,Marbled Beef With Tomato Noodle Soup/番茄肥牛米粉,18170917,3rd Party Menu,Rice Noodle Soup,,1799,1599,1799,FALSE,2025-09-29 19:16:02,2025-09-29,US/Pacific,1,2025-09-29 12:44:21,28,12,1,weekday,3000023980742965
260959751604,1125900194785522,33980135,26652030132,Signature Avocado Smoothie with Chia Seed,72282347,Menu <---> 6847cd7e5f08a306f9e86d69,Avocado Series,"Avocado kale smoothie with yogurt, chia seeds and oat popping boba. A creamy avocado kale smoothie infused with yogurt, chia seeds, and playful oat popping boba, delivering a delightful mix of freshness, nutrition, and fun textures in every sip.",1099,999,1099,FALSE,2025-10-01 23:01:10,2025-10-01,US/Pacific,1,2025-10-01 16:48:02,47,16,3,weekday,3000024039549861
260959751604,1125900194785522,33980135,29633738873,Pink Peach Crush,72282347,Menu <---> 6847cd7e5f08a306f9e86d69,Fresh Fruit Series,"Pink peach smoothie with jasmine tea, fresh peach pieces and jelly.Made with fresh, juicy peaches, blended into a delicate slush, perfectly paired with fragrant jasmine tea and bouncy collagen jelly. A refreshing, glowing pink delight that’s as hydrating as it is beautifying — sweet, floral, and full of feel-good energy.",999,999,999,FALSE,2025-10-01 23:01:10,2025-10-01,US/Pacific,1,2025-10-01 16:48:02,47,16,3,weekday,3.00002E+15
224942579139,1125900194785522,31064429,22893292807,Yellow Braised Pork Ribs 猪小排炖土豆煲(带饭),50827350,DX Braised Chicken Rice [POS]-allday,Byitself 砂锅菜,Sizzling Pot + Rice 砂锅 + 米饭,2099,2099,2099,FALSE,2025-10-02 23:40:25,2025-10-02,US/Pacific,1,2025-10-02 17:07:07,27,17,4,weekday,3000024069133107
329311680586,1125900194785522,42556,10704299144,All-American Burger*,29443348,"Lazy Dog Restaurant & Bar (Cupertino, CA) 11.21.2023-allday",Burgers,"two grilled quarter-pound beef patties, american cheese, shredded lettuce, tomato, red onion, pickles, bark + bite sauce [980 cal] 
",2245,1970,2245,FALSE,2025-10-03 21:24:32,2025-10-03,US/Pacific,1,2025-10-03 14:59:55,35,14,5,weekday,3000024092993543
217288808878,1125900194785522,2879875,7630011857,Crispy King Oyi-Shi Mushroom 香脆雙菇 (Delivery),12700654,Shihlin Taiwanese Street Snacks (Stevens Creek Blvd Street) All day Toast POS --- 2/9/2022-allday,Snacks (Delivery),"Generous portion of King Oyster and Shiitake mushroom is lightly battered and skillfully fried to a golden crisp. Rich in antioxidant and highly addictive, this night market favorite is served with a sprinkle of our signature spices. The Crispy Salt Pepper Mushroom is a special product launched to commemorate the 10th anniversary of Shihlin Taiwan Street Snacks.",1125,1125,1125,FALSE,2025-10-06 20:25:59,2025-10-06,US/Pacific,1,2025-10-06 14:14:42,49,14,1,weekday,3000024183916536
217288808878,1125900194785522,2879875,2349748568,XXL Chicken Thigh 超大雞腿排 (Delivery),12700654,Shihlin Taiwanese Street Snacks (Stevens Creek Blvd Street) All day Toast POS --- 2/9/2022-allday,Food (Delivery),Taiwanese fried chicken fillet. available in breast or leg and thigh.,1435,1435,1435,FALSE,2025-10-06 20:25:59,2025-10-06,US/Pacific,1,2025-10-06 14:14:42,49,14,1,weekday,3000024183916535
217373868866,1125900194785522,33980135,26652030144,Strawberry Peach Splash,72282347,Menu <---> 6847cd7e5f08a306f9e86d69,Fresh Fruit Series,"Strawberry peach drink with collagen jelly (lactose free). A vibrant strawberry drink with a burst of peach sweetness, complemented by collagen jelly for a delightful texture and added refreshment.",974,899,974,FALSE,2025-10-08 22:29:58,2025-10-08,US/Pacific,1,2025-10-08 16:00:24,31,16,3,weekday,3000024240331064
217373868866,1125900194785522,33980135,26652030132,Signature Avocado Smoothie with Chia Seed,72282347,Menu <---> 6847cd7e5f08a306f9e86d69,Avocado Series,"Avocado kale smoothie with yogurt, chia seeds and oat popping boba. A creamy avocado kale smoothie infused with yogurt, chia seeds, and playful oat popping boba, delivering a delightful mix of freshness, nutrition, and fun textures in every sip.",1099,999,1099,FALSE,2025-10-08 22:29:58,2025-10-08,US/Pacific,1,2025-10-08 16:00:24,31,16,3,weekday,3000024240331063
265997806212,1125900194785522,26305183,10733188403,Green Sichuan Pepper Sauerkraut Fish Soup (large size with snakehead fish) / 青 花椒 酸菜鱼 黑鱼大份,29451952,Wei's Fish (All Day) (CUPERTINO) 11.22.2023,Spicy Lover / 爱 吃辣,Medium Spicy. Top 2.  large size w. 2 free rice.,3299,3299,3299,FALSE,2025-10-09 20:39:46,2025-10-09,US/Pacific,1,2025-10-09 14:04:22,25,14,4,weekday,3000024264382729
215067274560,1125900194785522,22929935,2274413977,Lamb & Beef Gyros Plate,12677318,Hummus Mediterranean Kitchen (All Day) (Mountain View),House Plates,"Slow-cooked, thinly sliced, marinated lamb, and beef. Served with rice, salad and pita bread.",1990,1990,1990,FALSE,2025-10-13 18:53:11,2025-10-13,US/Pacific,1,2025-10-13 12:14:41,21,12,1,weekday,3000024384938334
336069212023,1125900194785522,37949,24173021660,Garlic Tonkotsu,2172673,Kizuki Ramen & Izakaya (E Pine St)-ALL DAY-TOAST POS-04.22.21-allday,Ramen ラーメン 拉麵,限定特濃ニンニクとんこつ醬油ラーメン LIMITED QUANTITY EVERYDAY. Specialty extra-rich shoyu-flavored pork broth with lots of garlic.  Traditional Sodium,2050,2050,2050,FALSE,2025-10-16 18:07:52,2025-10-16,US/Pacific,1,2025-10-16 11:43:54,36,11,4,weekday,3000024461815542
304561822281,1125900194785522,29843731,33141588127,XXL Chicken Thigh 超大雞腿排 (Delivery),82662949,Shihlin - CUPERTINO [POS]-allday,Food (Delivery),,1375,1375,1375,FALSE,2025-10-24 19:15:59,2025-10-24,US/Pacific,1,2025-10-24 12:52:21,37,12,5,weekday,3.00002E+15
231191188493,1125900194785522,33980135,26652030132,Signature Avocado Smoothie with Chia Seed,72282347,Menu <---> 6847cd7e5f08a306f9e86d69,Avocado Series,"Avocado kale smoothie with yogurt, chia seeds and oat popping boba. A creamy avocado kale smoothie infused with yogurt, chia seeds, and playful oat popping boba, delivering a delightful mix of freshness, nutrition, and fun textures in every sip.",1099,999,2198,FALSE,2025-10-24 21:44:23,2025-10-24,US/Pacific,2,2025-10-24 15:40:03,56,15,5,weekday,3000024696784083
328123180326,1125900194785522,24325225,10725380169,Sprouts Pasture Raised Grade A Brown Eggs Large (18 ct),17451549,sprouts_production_24325225_retail_inventory_service,Dairy & Eggs,,729,729,729,FALSE,2025-10-24 22:46:20,2025-10-24,US/Pacific,1,2025-10-24 16:02:00,15,16,5,weekday,3000024699492335
328123180326,1125900194785522,24325225,17847649961,Jonny Pops Chocolate Dipped Strawberries Ice Cream Bars with Fresh Cream (4 ct),17451549,sprouts_production_24325225_retail_inventory_service,Frozen,,739,739,739,FALSE,2025-10-24 22:46:20,2025-10-24,US/Pacific,1,2025-10-24 16:02:00,15,16,5,weekday,3000024699492337
328123180326,1125900194785522,24325225,10187325497,Red Mango (each),17451549,sprouts_production_24325225_retail_inventory_service,Produce,,167,167,501,FALSE,2025-10-24 22:46:20,2025-10-24,US/Pacific,3,2025-10-24 16:02:00,15,16,5,weekday,3000024699492336
328123180326,1125900194785522,24325225,11264162244,Organic Blueberries Pint (12 oz),17451549,sprouts_production_24325225_retail_inventory_service,Produce,,560,560,560,FALSE,2025-10-24 22:46:20,2025-10-24,US/Pacific,1,2025-10-24 16:02:00,15,16,5,weekday,3000024699492334
313442336921,1125900194785522,925218,149018605,清蒸龍利 Steam Halibut with Soy Sauce,1391601,小劉清粥 Taiwan Porridge Kingdom (All Day) (Homestead Rd) 07.16.2021,熱炒 Hot Main Dishes,,1799,1799,1799,FALSE,2025-10-27 18:58:45,2025-10-27,US/Pacific,1,2025-10-27 12:25:15,27,12,1,weekday,3000024783241896
214324965465,1125900194785522,33980135,26652030147,Yogurt Yumberry Breeze,72282347,Menu <---> 6847cd7e5f08a306f9e86d69,Fresh Fruit Series,"Yumberry smoothie with jasmine tea, yumberries, collagen jelly and yogurt.Plump and juicy Chinese yumberries paired with yogurt create a delightful fusion of tartness and richness. The addition of jasmine tea brings a refreshing floral note, while the collagen jelly adds a pleasantly bouncy chew—bursting with fruity flavor and light on the palate.Please beware of small Yumberry pits and avoid accidental ingestion while drinking.",1049,1049,1049,TRUE,2025-10-29 20:16:51,2025-10-29,US/Pacific,1,2025-10-29 14:05:12,49,14,3,weekday,3000024836349343
214324965465,1125900194785522,33980135,26652030135,Mango Avocado Twist,72282347,Menu <---> 6847cd7e5f08a306f9e86d69,Avocado Series," Avocado kale smoothie with mango and coconut pudding. A creamy avocado kale smoothie blended with tropical mango and velvety coconut pudding, offering a refreshing and indulgent fusion of vibrant and smooth flavors.",1049,1049,1049,TRUE,2025-10-29 20:16:51,2025-10-29,US/Pacific,1,2025-10-29 14:05:12,49,14,3,weekday,3000024836349344
214324965465,1125900194785522,33980135,26652030137,Avocado Dragon Dream,72282347,Menu <---> 6847cd7e5f08a306f9e86d69,Avocado Series,"Avocado kale smoothie with dragon fruit and coconut pudding.A vibrant avocado kale smoothie enriched with the tropical flavors of dragon fruit and creamy coconut pudding, offering a refreshing and exotic taste experience with a velvety finish.",1174,1099,1174,TRUE,2025-10-29 20:16:51,2025-10-29,US/Pacific,1,2025-10-29 14:05:12,49,14,3,weekday,3000024836349346
214324965465,1125900194785522,33980135,26652030132,Signature Avocado Smoothie with Chia Seed,72282347,Menu <---> 6847cd7e5f08a306f9e86d69,Avocado Series,"Avocado kale smoothie with yogurt, chia seeds and oat popping boba. A creamy avocado kale smoothie infused with yogurt, chia seeds, and playful oat popping boba, delivering a delightful mix of freshness, nutrition, and fun textures in every sip.",1099,999,1099,TRUE,2025-10-29 20:16:51,2025-10-29,US/Pacific,1,2025-10-29 14:05:12,49,14,3,weekday,3000024836349342
214324965465,1125900194785522,33980135,26652030148,Strawberry Daifuku Paradise,72282347,Menu <---> 6847cd7e5f08a306f9e86d69,Milk Tea w.Handmade Toppings,"Oolong milk tea with strawberry paste, strawberry pudding and daifuku.A creamy blend of charcoal-roasted oolong tea complemented by strawberry pudding, cheese foam, and daifuku, creating a rich, indulgent drink with sweet, fruity, and creamy layers.",999,899,999,TRUE,2025-10-29 20:16:51,2025-10-29,US/Pacific,1,2025-10-29 14:05:12,49,14,3,weekday,3000024836349345
216312524692,1125900194785522,1308562,9173826092,红糖糍粑Brown Sugar Rice Cake (6pcs),1880891,花溪王Mifen101 (All Day) (841 Villa St) 11.14.20,Appetizer & Drinks,,999,999,999,FALSE,2025-10-29 21:38:43,2025-10-29,US/Pacific,1,2025-10-29 15:10:44,32,15,3,weekday,3000024838889253
216312524692,1125900194785522,1308562,562851383,酱肉火烧Pulled Pork Sandwich （4pcs）,1880891,花溪王Mifen101 (All Day) (841 Villa St) 11.14.20,Bun & Dumpling,,1399,1399,1399,FALSE,2025-10-29 21:38:43,2025-10-29,US/Pacific,1,2025-10-29 15:10:44,32,15,3,weekday,3000024838889252
272872466634,1125900194785522,26305183,10705748850,Old Pot Sauerkraut Fish Soup (small size with snakehead fish) / 老坛酸菜 鱼 黑鱼小份,29451952,Wei's Fish (All Day) (CUPERTINO) 11.22.2023,Spicy Lover / 爱 吃辣,Mild. Top 1.  small size come with one free rice.,2199,2199,2199,FALSE,2025-11-06 23:48:10,2025-11-06,US/Pacific,1,2025-11-06 16:20:33,32,16,4,weekday,3000025075069463
333845977448,1125900194785522,1675,136215591,Beef Short Ribs,1293599,SGD Tofu House (Lunch) (03.11.2020),BBQ,Beef short ribs served with rice and an assortment of kimchi dishes.,3940,3940,3940,FALSE,2025-11-11 23:26:02,2025-11-11,US/Pacific,1,2025-11-11 16:02:15,36,16,2,weekday,3000025232598802
229387818870,1125900194785522,25025743,8913118380,Medium Build Your Own (3 Scoops),23839156,Poke House (Mountain View) (olorails POS) (6.26.2023)-allday,Build Your Own,"Our most popular option! Includes 3 protein scoops, crab salad, and your choice of mix-ins, sauces, and toppings over rice or veggies.",2069,2069,2069,FALSE,2025-11-12 21:18:54,2025-11-12,US/Pacific,1,2025-11-12 13:43:45,25,13,3,weekday,3000025254837759
261858570818,1125900194785522,1328461,371127816,Stone Bowl Soft Tofu with Toro Beef石锅豆花肥牛,1911672,Grandma's Kitchen (All Day) (Cupertino) 08.20.24,Stone Bowls石锅系列,,2295,2295,2295,FALSE,2025-11-19 21:21:44,2025-11-19,US/Pacific,1,2025-11-19 14:05:57,44,14,3,weekday,3000025469235183
288050361313,1125900194785522,25025743,8913118380,Medium Build Your Own (3 Scoops),23839156,Poke House (Mountain View) (olorails POS) (6.26.2023)-allday,Build Your Own,"Our most popular option! Includes 3 protein scoops, crab salad, and your choice of mix-ins, sauces, and toppings over rice or veggies.",2069,2069,2069,FALSE,2025-11-21 20:45:40,2025-11-21,US/Pacific,1,2025-11-21 13:04:06,19,13,5,weekday,3.00003E+15
291200818400,1125900194785522,1328461,371127806,Salt And Pepper Pork椒盐里脊,1911672,Grandma's Kitchen (All Day) (Cupertino) 08.20.24,Classic Cuisines传统菜品,,1795,1795,1795,FALSE,2025-12-05 20:03:13,2025-12-05,US/Pacific,1,2025-12-05 13:07:24,64,13,5,weekday,3.00003E+15
223288713873,1125900194785522,98306,24266113590,Vitality Bowl,60546953,Vitality Bowls Menu,"Acai Bowls-We’re experiencing a national fresh strawberry shortage, so they may be missing from your","BASE: Organic Açaí, Strawberries, Banana, VB Superfood Blend; 
TOPPINGS: Organic Gluten-Free Granola, Bananas, Strawberries, Organic Goji Berries, Honey",1499,1499,2998,FALSE,2025-12-08 18:39:00,2025-12-08,US/Pacific,2,2025-12-08 11:03:40,25,11,1,weekday,3000026066176655
202892395713,1125900194785522,718429,147571751,U8. Diet Coke,1382235,Nutrition Restaurant (All Day) (North Wolfe Road) 04.17.20 WF,Menu U,"A crisp, refreshing taste you know and love with zero calories.",299,299,299,FALSE,2025-12-09 22:01:38,2025-12-09,US/Pacific,1,2025-12-09 14:43:36,42,14,2,weekday,3000026104147773
202892395713,1125900194785522,718429,147571603,H2. Black Bean Sauce Beef,1382235,Nutrition Restaurant (All Day) (North Wolfe Road) 04.17.20 WF,Beef,,2099,2099,2099,FALSE,2025-12-09 22:01:38,2025-12-09,US/Pacific,1,2025-12-09 14:43:36,42,14,2,weekday,3000026104147772
338426531378,1125900194785522,36324229,33599367204,Peking Duck,82903820,Menu <---> 68e5d775ca69f3b781793ba5,Cantonese BBQ,,3000,3000,3000,FALSE,2025-12-12 22:27:54,2025-12-12,US/Pacific,1,2025-12-12 14:53:26,26,14,5,weekday,3000026218134994
359033281910,1125900194785522,26305183,10705748851,Green Sichuan Pepper Sauerkraut Fish Soup (small size with snakehead fish) / 青 花椒 酸菜鱼 黑鱼小份,29451952,Wei's Fish (All Day) (CUPERTINO) 11.22.2023,Spicy Lover / 爱 吃辣,Medium spicy. Top 2. small size come with one free rice.,2199,2199,2199,FALSE,2025-12-17 21:49:29,2025-12-17,US/Pacific,1,2025-12-17 14:21:36,32,14,3,weekday,3000026415427009
354793860896,1125900194785522,42556,10704299144,All-American Burger*,29443348,"Lazy Dog Restaurant & Bar (Cupertino, CA) 11.21.2023-allday",Burgers,"two grilled quarter-pound beef patties, american cheese, shredded lettuce, tomato, red onion, pickles, bark + bite sauce [980 cal] 
",2085,2085,2085,FALSE,2025-12-19 21:29:39,2025-12-19,US/Pacific,1,2025-12-19 14:05:42,36,14,5,weekday,3000026502650973
354793860896,1125900194785522,42556,10704304095,Banana Pudding,29443348,"Lazy Dog Restaurant & Bar (Cupertino, CA) 11.21.2023-allday",Lazy Dog Favorites,"banana cream pudding, old school nilla wafers, sliced banana, whipped cream",985,985,985,FALSE,2025-12-19 21:29:39,2025-12-19,US/Pacific,1,2025-12-19 14:05:42,36,14,5,weekday,3000026502650972
270703218850,1125900194785522,662322,6611210245,McDouble®,958797,McDonald's (37235-SUNNYVALE-MATHILDA SAN ALESO RELO) POS 8/7/19-lunch,Burgers,"Two 100% pure beef patties seasoned with just a pinch of salt and pepper. Topped with tangy pickles, chopped onions, ketchup, mustard and a melty slice of American cheese. Wondering what the difference is between a McDouble and a Double Cheeseburger? A slice of cheese!",599,599,599,FALSE,2025-12-22 20:15:38,2025-12-22,US/Pacific,1,2025-12-22 12:26:39,11,12,1,weekday,3000026645978526
270703218850,1125900194785522,662322,25120670053,Big Mac®,958797,McDonald's (37235-SUNNYVALE-MATHILDA SAN ALESO RELO) POS 8/7/19-lunch,Burgers,,899,899,899,FALSE,2025-12-22 20:15:38,2025-12-22,US/Pacific,1,2025-12-22 12:26:39,11,12,1,weekday,3000026645978524
270703218850,1125900194785522,662322,6611231561,20 pc. Chicken McNuggets®,958797,McDonald's (37235-SUNNYVALE-MATHILDA SAN ALESO RELO) POS 8/7/19-lunch,Most Popular,"No artificial flavors, colours or preservatives. Made with 100% seasoned chicken breast, the Chicken McNuggets you crave are still simply delicious.",919,919,919,FALSE,2025-12-22 20:15:38,2025-12-22,US/Pacific,1,2025-12-22 12:26:39,11,12,1,weekday,3000026645978525
270703218850,1125900194785522,662322,6611229300,French Fries,958797,McDonald's (37235-SUNNYVALE-MATHILDA SAN ALESO RELO) POS 8/7/19-lunch,Fries,McDonald's World Famous Fries® made with premium potatoes. Crispy and golden on the outside and fluffy on the inside.,449,449,449,FALSE,2025-12-22 20:15:38,2025-12-22,US/Pacific,1,2025-12-22 12:26:39,11,12,1,weekday,3000026645978527
253836790468,1125900194785522,566205,128085151,本帮红烧肉鹌鹑蛋Braised Pork Belly & Quail Eggs,1232970,Shanghai No. 1 (All Day) (Stevens Creek Blvd),Main (Hot) Dishes (热菜),,2695,2695,2695,FALSE,2025-12-30 20:33:51,2025-12-30,US/Pacific,1,2025-12-30 13:26:00,53,13,2,weekday,3000026984814291
215774366501,1125900194785522,1206691,24990285579,Ultimate Cheeseburger™ Combo,64965146,200 W El Camino Real [POS]-allday,Burger Combos,"2x 100% beef seasoned as it grills, melty American & Swiss style cheeses, ketchup, mustard & mayo on a buttery bakery bun, plus fries & a drink.",1699,1699,1699,FALSE,2026-01-02 20:54:47,2026-01-02,US/Pacific,1,2026-01-02 13:09:18,15,13,5,weekday,3000027131717208
251756138157,1125900194785522,24599033,21941552254,Kale & Apple Rainbow Salad,18804205,New-allday,DELI SIDES & SOUPS,"kale, granny smith apples, rainbow carrots, candied pecans, dried cranberries, toasted coconut, Thai basil vinaigrette vegetarian, gluten-free, contains nuts",450,0,450,FALSE,2026-01-05 20:32:53,2026-01-05,US/Pacific,1,2026-01-05 13:11:43,39,13,1,weekday,3000027273651228
251756138157,1125900194785522,24599033,21941650003,Chicken Pesto Caprese,18804205,New-allday,SANDWICHES,"""sliced chicken, fresh mozzarella, marinated red peppers, basil pesto, mixed greens, balsamic, on panini-pressed ciabatta

can be requested gluten-free by selecting the gf bread option",1530,1530,1530,FALSE,2026-01-05 20:32:53,2026-01-05,US/Pacific,1,2026-01-05 13:11:43,39,13,1,weekday,3000027273651227
238349014676,1125900194785522,24038520,36387792392,Fish & Chips 3 pcs,87181755,OTTER DELIVERY,Platters,"crispy Alaskan cod, sesame slaw, choice of fries, side salad or chips & salsa­",2095,2095,2095,FALSE,2026-01-07 0:14:13,2026-01-07,US/Pacific,1,2026-01-06 16:41:04,27,16,2,weekday,3.00003E+15
291680239737,1125900194785522,2540588,1297304983,Crispy Real Garlic Chicken (Half),2532093,Vons Chicken Saratoga (All Day) (San Jose) 01.26.25,Fried Chicken,"Crispy fried chicken smothered in our signature garlic sauce—packed with bold garlic flavor. Choose wings, drumsticks, combo, or boneless.

★ Preparation Choice ★ 

① Boneless – 10pcs
② Drumsticks – 5pcs
③ Wings – 9pcs (includes drumettes & flats; drumettes are not drumsticks)
④ Combo – 4 Drumsticks & 3 Wings",2399,2199,2399,FALSE,2026-01-07 23:27:10,2026-01-07,US/Pacific,1,2026-01-07 16:09:31,42,16,3,weekday,3000027361239781
313836736322,1125900194785522,566205,128085151,本帮红烧肉鹌鹑蛋Braised Pork Belly & Quail Eggs,1232970,Shanghai No. 1 (All Day) (Stevens Creek Blvd),Main (Hot) Dishes (热菜),,2695,2695,2695,FALSE,2026-01-09 19:04:39,2026-01-09,US/Pacific,1,2026-01-09 11:52:23,48,11,5,weekday,3000027436957073
303090709698,1125900194785522,973285,155507987,Unagi Bento,1455512,Rokko Japanese Restaurant (All Day) (S Frances St) 05.13.20 WF,Bento Box,"Eel over rice, fried boneless chicken, sashimi, and edamame. (no substitution)",2375,2375,2375,FALSE,2026-01-13 20:32:54,2026-01-13,US/Pacific,1,2026-01-13 12:49:59,17,12,2,weekday,3000027625415532
212624359452,1125900194785522,26305183,10705748851,Green Sichuan Pepper Sauerkraut Fish(Small)/青花椒酸菜鱼(小份),29451952,Wei's Fish (All Day) (CUPERTINO) 11.22.2023,Spicy Lover / 爱吃辣,Medium spicy. Top 2. small size come with one free rice.,2199,2199,2199,FALSE,2026-01-14 23:19:21,2026-01-14,US/Pacific,1,2026-01-14 16:04:24,45,16,3,weekday,3000027673067557
338240787438,1125900194785522,31944,25144669359,Home-Style Pork W/Sweet Sour Sauce,66196547,Full Menu <---> 6805c9ee18ca136e0dffb8c5,Pork,,2399,2399,2399,FALSE,2026-01-20 19:37:29,2026-01-20,US/Pacific,1,2026-01-20 12:06:44,29,12,2,weekday,3000027947919492
338240787438,1125900194785522,31944,27554422997,Iced Jelly 12Oz,66196547,Full Menu <---> 6805c9ee18ca136e0dffb8c5,Dessert,,599,599,599,FALSE,2026-01-20 19:37:29,2026-01-20,US/Pacific,1,2026-01-20 12:06:44,29,12,2,weekday,3000027947919493
289676325695,1125900194785522,468359,8668467867,Tonkotsu Ramen,23386549,HiroNori Craft Ramen (Santa Clara) (All Day) 06.09.23,Ramen Bowls,"(choice of thin noodle or hironori original thick noodle) 2pc pork chashu, green onion, spinach, seaweed, bean sprouts, half egg.",1925,1925,1925,FALSE,2026-01-23 21:12:47,2026-01-23,US/Pacific,1,2026-01-23 13:59:50,47,13,5,weekday,3000028089410342
289676325695,1125900194785522,468359,8668467868,Salmon Poké Bowl,23386549,HiroNori Craft Ramen (Santa Clara) (All Day) 06.09.23,Rice Bowls,"Marinated salmon, baby kale, quinoa, avocado, and rice.",1450,1450,1450,FALSE,2026-01-23 21:12:47,2026-01-23,US/Pacific,1,2026-01-23 13:59:50,47,13,5,weekday,3000028089410343
207826506077,1125900194785522,24845885,7789718858,Pork & Green Onion Bao Mini Bao/6 pcs(猪肉大葱小包),20638181,Danacious Dumpling (All Day) (Saratoga Ave) 03.26.23,Classic,,928,928,928,FALSE,2026-01-26 20:15:11,2026-01-26,US/Pacific,1,2026-01-26 12:41:56,26,12,1,weekday,3000028213525279
207826506077,1125900194785522,24845885,7789718871,Steamed Noodle with Pork & Celery🌶️（蒸卤面）,20638181,Danacious Dumpling (All Day) (Saratoga Ave) 03.26.23,Noodle,,1598,1598,1598,FALSE,2026-01-26 20:15:11,2026-01-26,US/Pacific,1,2026-01-26 12:41:56,26,12,1,weekday,3000028213525278
331694762440,1125900194785522,34342363,25523100080,Honolulu Hawaiian,69473748,Domino's,Specialty Pizzas,"Sliced ham, smoked bacon, pineapple, fresh green peppers, provolone and cheese made with 100% real mozzarella. ",2849,2079,2849,FALSE,2026-01-27 21:07:05,2026-01-27,US/Pacific,1,2026-01-27 13:38:57,31,13,2,weekday,3000028256649618
343259137370,1125900194785522,797599,40052861937,5 Piece - Hand-Breaded Chicken Tenders™,24430967,Carl's Jr. (1101038) [all day][olo_rails POS Menu] [07/17/23]-allday,Chicken & More,"Premium, all-white meat chicken, hand dipped in buttermilk, lightly breaded and fried to a golden brown. Served with a choice of dipping sauce.",1449,1449,1449,FALSE,2026-01-28 22:21:24,2026-01-28,US/Pacific,1,2026-01-28 14:44:07,23,14,3,weekday,3000028302704701
343259137370,1125900194785522,797599,40052861912,California Classic Double Cheeseburger,24430967,Carl's Jr. (1101038) [all day][olo_rails POS Menu] [07/17/23]-allday,Star Deals,"Two charbroiled all-beef patties, American cheese, grilled onions, Classic Sauce, lettuce and tomato on a plain bun.",639,639,639,FALSE,2026-01-28 22:21:24,2026-01-28,US/Pacific,1,2026-01-28 14:44:07,23,14,3,weekday,3.00003E+15
258100474583,1125900194785522,31997043,26424984143,A1. Popcorn Chicken A1. 劲脆鸡米花,54985348,Full Menu <---> 675374430eaae6f7f1acb6e3,Appetizers 小吃系列,,749,749,749,FALSE,2026-02-02 20:22:53,2026-02-02,US/Pacific,1,2026-02-02 14:30:31,128,14,1,weekday,3000028544391677
258100474583,1125900194785522,31997043,30582586434,Spicy Chicken Wings 6pcs  辣翅 6个,54985348,Full Menu <---> 675374430eaae6f7f1acb6e3,Chicken Party(Uber&DD)咔滋炸鸡(Uber&DD),Original Wings,1498,1498,2996,FALSE,2026-02-02 20:22:53,2026-02-02,US/Pacific,2,2026-02-02 14:30:31,128,14,1,weekday,3000028544391676
288494305353,1125900194785522,468359,8668467867,Tonkotsu Ramen,23386549,HiroNori Craft Ramen (Santa Clara) (All Day) 06.09.23,Ramen Bowls,"(choice of thin noodle or hironori original thick noodle) 2pc pork chashu, green onion, spinach, seaweed, bean sprouts, half egg.",1995,1995,1995,FALSE,2026-02-04 20:54:19,2026-02-04,US/Pacific,1,2026-02-04 13:20:57,26,13,3,weekday,3000028630159535
288494305353,1125900194785522,468359,8668467859,Crispy Chicken,23386549,HiroNori Craft Ramen (Santa Clara) (All Day) 06.09.23,Sides,"Garlic, soy marinated fried chicken thigh.",1295,1295,1295,FALSE,2026-02-04 20:54:19,2026-02-04,US/Pacific,1,2026-02-04 13:20:57,26,13,3,weekday,3000028630159536
359168798925,1125900194785522,1185689,10023294982,Chicken Bites™,26966162,All Day POS-allday,Chicken,"Crispy, whole white-meat bites served with honey mustard or BBQ (contains milk, wheat, soy, and gluten) ",1069,0,1069,FALSE,2026-02-06 18:15:43,2026-02-06,US/Pacific,1,2026-02-06 12:13:45,118,12,5,weekday,3000028717694115
359168798925,1125900194785522,1185689,37576454132,SmokeShack® Lettuce Wrap,26966162,All Day POS-allday,Good Fit,"A made-to-order quarter pound* per patty of 100% Angus beef with American cheese, applewood-smoked bacon, chopped cherry peppers, and ShackSauce in a lettuce wrap (gluten-free). (Contains Milk, Egg, Soy)

*Approximate weight per patty is 4oz before cooking. Your meal is prepared with reasonable measures to prevent cross-contamination but may be exposed to allergens.",1639,0,1639,FALSE,2026-02-06 18:15:43,2026-02-06,US/Pacific,1,2026-02-06 12:13:45,118,12,5,weekday,3000028717694114
263561263563,1125900194785522,1736771,37073244963,Egg Fried Rice 蛋炒饭,72311754,Dough Zone Dumpling House  - Cupertino [POS]-allday,House Specials,"Dough Zone’s signature fried rice is made with fluffy scrambled eggs, green onions, and long-grain rice with a touch of soy sauce.",799,799,799,FALSE,2026-02-09 20:24:11,2026-02-09,US/Pacific,1,2026-02-09 13:14:54,50,13,1,weekday,3000028878052787
263561263563,1125900194785522,1736771,29873547067,Five Spice Beef Shank 五香牛腱,72311754,Dough Zone Dumpling House  - Cupertino [POS]-allday,House Specials,"Tender slices of braised beef shank seasoned with a fragrant blend of Five Spice, served cold with sliced cucumber.",1018,1018,1018,FALSE,2026-02-09 20:24:11,2026-02-09,US/Pacific,1,2026-02-09 13:14:54,50,13,1,weekday,3000028878052789
263561263563,1125900194785522,1736771,29873547064,Pan Fried Chive Dumplings (3) 韭菜盒子,72311754,Dough Zone Dumpling House  - Cupertino [POS]-allday,House Specials,"Minced aromatic chives, egg, and glass noodles stuffed into a dumpling, pan fried for a crisp finish.",897,897,897,FALSE,2026-02-09 20:24:11,2026-02-09,US/Pacific,1,2026-02-09 13:14:54,50,13,1,weekday,3000028878052788
355278582481,1125900194785522,26305183,10705748853,Golden Soup Sauerkraut Fish(Small)/金汤酸菜鱼(小份),29451952,Wei's Fish (All Day) (CUPERTINO) 11.22.2023,Spicy Lover / 爱吃辣,Medium spicy; small size w. 1 free rice. large size w. 2 free rice.,2199,2199,2199,FALSE,2026-02-13 21:00:49,2026-02-13,US/Pacific,1,2026-02-13 13:35:41,35,13,5,weekday,3000029059240349
235915857006,1125900194785522,22929935,2274413986,House Combo Plate,12677318,Hummus Mediterranean Kitchen (All Day) (Mountain View),House Plates,"Lamb & beef gyros, chicken kebab, beef kebab and koftedes. Served with rice, salad and pita bread. Kofte contains gluten. Rice contains butter.",2595,2595,2595,FALSE,2026-02-17 20:20:25,2026-02-17,US/Pacific,1,2026-02-17 12:43:15,23,12,2,weekday,3000029259192039
221819250574,1125900194785522,34342363,25523100080,Honolulu Hawaiian,69473748,Domino's,Specialty Pizzas,"Sliced ham, smoked bacon, pineapple, fresh green peppers, provolone and cheese made with 100% real mozzarella. ",2849,2079,2849,FALSE,2026-02-18 21:27:19,2026-02-18,US/Pacific,1,2026-02-18 14:09:28,42,14,3,weekday,3000029303975567
308898350328,1125900194785522,33980135,26652030135,Mango Avocado Twist,72282347,Menu <---> 6847cd7e5f08a306f9e86d69,Avocado Series," Avocado kale smoothie with mango and coconut pudding. A creamy avocado kale smoothie blended with tropical mango and velvety coconut pudding, offering a refreshing and indulgent fusion of vibrant and smooth flavors.",1049,1049,1049,TRUE,2026-02-19 0:05:08,2026-02-19,US/Pacific,1,2026-02-18 16:44:18,39,16,3,weekday,3000029313106842
308898350328,1125900194785522,33980135,39623929998,Taro Pearl Bliss,72282347,Menu <---> 6847cd7e5f08a306f9e86d69,Milk Tea w.Handmade Toppings,"Oolong milk tea with taro, brown sugar boba and daifuku.Freshly cooked and hand-mashed taro is crafted to a smooth and creamy texture, paired with Daifuku mochi, handcrafted brown sugar pearls, and charcoal-roasted Tieguanyin. The refreshing aroma of taro meets the rich notes of milk and tea, creating a full-bodied, multi-layered flavor. Every bite is satisfyingly chewy and deeply aromatic.",949,949,949,TRUE,2026-02-19 0:05:08,2026-02-19,US/Pacific,1,2026-02-18 16:44:18,39,16,3,weekday,3000029313106841
308898350328,1125900194785522,33980135,26652030132,Signature Avocado Smoothie with Chia Seed,72282347,Menu <---> 6847cd7e5f08a306f9e86d69,Avocado Series,"Avocado kale smoothie with yogurt, chia seeds and oat popping boba. A creamy avocado kale smoothie infused with yogurt, chia seeds, and playful oat popping boba, delivering a delightful mix of freshness, nutrition, and fun textures in every sip.",999,999,999,TRUE,2026-02-19 0:05:08,2026-02-19,US/Pacific,1,2026-02-18 16:44:18,39,16,3,weekday,3000029313106839
308898350328,1125900194785522,33980135,26652030135,Mango Avocado Twist,72282347,Menu <---> 6847cd7e5f08a306f9e86d69,Avocado Series," Avocado kale smoothie with mango and coconut pudding. A creamy avocado kale smoothie blended with tropical mango and velvety coconut pudding, offering a refreshing and indulgent fusion of vibrant and smooth flavors.",1049,1049,1049,TRUE,2026-02-19 0:05:08,2026-02-19,US/Pacific,1,2026-02-18 16:44:18,39,16,3,weekday,3000029313106846
308898350328,1125900194785522,33980135,26652030135,Mango Avocado Twist,72282347,Menu <---> 6847cd7e5f08a306f9e86d69,Avocado Series," Avocado kale smoothie with mango and coconut pudding. A creamy avocado kale smoothie blended with tropical mango and velvety coconut pudding, offering a refreshing and indulgent fusion of vibrant and smooth flavors.",1124,1049,1124,TRUE,2026-02-19 0:05:08,2026-02-19,US/Pacific,1,2026-02-18 16:44:18,39,16,3,weekday,3000029313106838
308898350328,1125900194785522,33980135,26652030133,Strawberry Avocado Smoothie,72282347,Menu <---> 6847cd7e5f08a306f9e86d69,Avocado Series,"Avocado kale smoothie with yogurt and fresh strawberries.A creamy avocado kale smoothie blended with fresh strawberries and silky yogurt, delivering a refreshing mix of rich, tangy, and nutritious flavors.",999,999,999,TRUE,2026-02-19 0:05:08,2026-02-19,US/Pacific,1,2026-02-18 16:44:18,39,16,3,weekday,3000029313106845
308898350328,1125900194785522,33980135,36814289891,Yogurt Mulberry Breeze,72282347,Menu <---> 6847cd7e5f08a306f9e86d69,Fresh Fruit Series,"Black mulberry smoothie with jasmine tea, fresh black mulberry pieces and yogurt. A creamy smoothie combining black mulberries and jasmine tea, enriched with yogurt for a smooth, tangy twist and a harmonious blend of rich fruitiness and delicate floral notes.",1074,999,1074,TRUE,2026-02-19 0:05:08,2026-02-19,US/Pacific,1,2026-02-18 16:44:18,39,16,3,weekday,3.00003E+15
308898350328,1125900194785522,33980135,26652030135,Mango Avocado Twist,72282347,Menu <---> 6847cd7e5f08a306f9e86d69,Avocado Series," Avocado kale smoothie with mango and coconut pudding. A creamy avocado kale smoothie blended with tropical mango and velvety coconut pudding, offering a refreshing and indulgent fusion of vibrant and smooth flavors.",1049,1049,1049,TRUE,2026-02-19 0:05:08,2026-02-19,US/Pacific,1,2026-02-18 16:44:18,39,16,3,weekday,3000029313106844
308898350328,1125900194785522,33980135,26652030135,Mango Avocado Twist,72282347,Menu <---> 6847cd7e5f08a306f9e86d69,Avocado Series," Avocado kale smoothie with mango and coconut pudding. A creamy avocado kale smoothie blended with tropical mango and velvety coconut pudding, offering a refreshing and indulgent fusion of vibrant and smooth flavors.",1049,1049,1049,TRUE,2026-02-19 0:05:08,2026-02-19,US/Pacific,1,2026-02-18 16:44:18,39,16,3,weekday,3000029313106843
213236476465,1125900194785522,34496791,25884148118,Secret Pork Ribs Rice Clay Pot 秘制排骨煲仔饭,70837546,BZZ Claypot (All Day) (Cupertino) 09.03.25,Rice Claypot,,2600,2200,2600,FALSE,2026-02-20 21:27:30,2026-02-20,US/Pacific,1,2026-02-20 14:06:52,39,14,5,weekday,3000029401632922
205876615736,1125900194785522,34079400,25918131581,Hawaiian Delight,70880796,PG,Pizza,"Signature red tomato sauce, 100% whole milk mozzarella, Canadian-style bacon, juicy pineapple chunks, and topped with extra 100% whole milk mozzarella.",2799,0,2799,FALSE,2026-02-23 21:31:01,2026-02-23,US/Pacific,1,2026-02-23 14:14:58,43,14,1,weekday,3000029562908057
345456666271,1125900194785522,24631673,22035050589,Stir Fried Sticky Rice,19687352,Koi Palace Contempo 8.5.24,Contempo Specials 尚品推薦,,1188,1188,1188,FALSE,2026-02-27 20:13:45,2026-02-27,US/Pacific,1,2026-02-27 13:07:25,54,13,5,weekday,3000029753064488
345456666271,1125900194785522,24631673,12403528436,Salt & Garlic Chicken Wings | 風沙雞翅,19687352,Koi Palace Contempo 8.5.24,Appetizer 風味小食,,1499,1499,1499,FALSE,2026-02-27 20:13:45,2026-02-27,US/Pacific,1,2026-02-27 13:07:25,54,13,5,weekday,3000029753064487
280603757179,1125900194785522,42556,10704299144,All-American Burger*,29443348,"Lazy Dog Restaurant & Bar (Cupertino, CA) 11.21.2023-allday",Burgers,"two grilled quarter-pound beef patties, american cheese, shredded lettuce, tomato, red onion, pickles, bark + bite sauce [980 cal] 
",2085,2085,2085,FALSE,2026-03-02 21:04:23,2026-03-02,US/Pacific,1,2026-03-02 13:43:13,39,13,1,weekday,3000029919925872